market,name,security_google
BMV,Grupo Aeromexico SAB de CV,AEROMEX
BMV,Altos Hornos de Mexico SAB de CV,AHMSA
BMV,America Movil,AMXL
BMV,Arca Continental SAB de CV,AC
BMV,"Industrias Bachoco, S.A.B. de C.V.",BACHOCOB
BMV,"Banco Santander, S.A.",SAN
BMV,Grupo Bimbo S.A.B. de C.V.,BIMBOA
BMV,Bolsa Mexicana de Valores SAB de CV,BOLSAA
BMV,Empresas Cablevision SA de CV,CABLECPO
BMV,Cemex SAB de CV,CEMEXCPO
BMV,Grupo Comercial Chedraui SAB de CV,CHDRAUIB
BMV,"Coca-Cola FEMSA, S.A.B. de C.V. Class L",KOFL
BMV,Consorcio Ara SAB de CV,ARA
BMV,Grupo Elektra SA de CV,ELEKTRA
BMV,Casa de Bolsa Finamex SAB de CV,FINAMEXO
BMV,Genomma Lab Internacional SAB de CV,LABB
BMV,Grupo Nacional Provincial SAB,GNP
BMV,Grupo Sports World SAB de CV,SPORTS
BMV,LIVEPOL/BRSH MXN,LIVEPOLC-1
BMV,LIVEPOL/BRSH MXN,RCENTROA
BMV,Grupo Rotoplas SAB de CV,AGUA
BMV,Grupo Rotoplas SAB de CV,SORIANAB
BMV,Grupo Televisa SAB,TLEVISACPO
BMV,Wal-mart de Mexico S A B de C V,WALMEX
